chrX	2828655	2828657	cg03506684
chrX	2829094	2829096	cg05113908
chrX	2929071	2929073	cg22759686
chrX	2929519	2929521	cg00646140
chrX	2964141	2964143	cg22376897
chrX	2964291	2964293	cg11964613
chrX	3066473	3066475	cg03291145
chrX	3066943	3066945	cg05699806
chrX	3343603	3343605	cg01375994
chrX	3712778	3712780	cg26902873
chrX	3714316	3714318	cg09094355
chrX	6228566	6228568	cg24103438
chrX	6229257	6229259	cg26412379
chrX	7147572	7147574	cg07070940
chrX	7148731	7148733	cg26547788
chrX	7219290	7219292	cg00596686
chrX	7219871	7219873	cg11640565
chrX	7842211	7842213	cg09018040
chrX	7926989	7926991	cg04659622
chrX	7927548	7927550	cg05508067
chrX	8731899	8731901	cg13277716
chrX	8732534	8732536	cg04553232
chrX	8801302	8801304	cg03704653
chrX	8801486	8801488	cg00600110
chrX	9033839	9033841	cg21489722
chrX	9464859	9464861	cg10839723
chrX	9465556	9465558	cg14105781
chrX	9765246	9765248	cg11325578
chrX	9787242	9787244	cg09665351
chrX	10014479	10014481	cg12064213
chrX	10016004	10016006	cg25270201
chrX	10156936	10156938	cg10246296
chrX	10157094	10157096	cg01851385
chrX	10833507	10833509	cg20244073
chrX	10833917	10833919	cg25710140
chrX	11110487	11110489	cg24647726
chrX	11294347	11294349	cg04906538
chrX	11665983	11665985	cg12434779
chrX	11665998	11666000	cg24249486
chrX	11757556	11757558	cg25932752
chrX	12138379	12138381	cg07177300
chrX	12138920	12138922	cg17398312
chrX	12791036	12791038	cg07874284
chrX	12791488	12791490	cg20842040
chrX	12866854	12866856	cg08029608
chrX	12868001	12868003	cg15241084
chrX	12906064	12906066	cg00741717
chrX	12906663	12906665	cg07759587
chrX	12974847	12974849	cg21400640
chrX	13044531	13044533	cg13918808
chrX	13044713	13044715	cg15720064
chrX	13569483	13569485	cg23083672
chrX	13569856	13569858	cg00932276
chrX	13688908	13688910	cg00690893
chrX	13689574	13689576	cg02620228
chrX	13733303	13733305	cg05573563
chrX	13733607	13733609	cg24352688
chrX	13734322	13734324	cg24714666
chrX	13735261	13735263	cg14962776
chrX	13938046	13938048	cg03003060
chrX	13939113	13939115	cg21229055
chrX	14030036	14030038	cg05673087
chrX	14030161	14030163	cg09324116
chrX	14529471	14529473	cg03037266
chrX	14529757	14529759	cg05206587
chrX	14872878	14872880	cg11648471
chrX	14873640	14873642	cg19740287
chrX	14874515	14874517	cg01776396
chrX	15275727	15275729	cg06942536
chrX	15315461	15315463	cg12724466
chrX	15316130	15316132	cg05655041
chrX	15335131	15335133	cg01408383
chrX	15384994	15384996	cg04545159
chrX	15493622	15493624	cg19144013
chrX	15493627	15493629	cg09250703
chrX	15500738	15500740	cg24643262
chrX	15500983	15500985	cg22745747
chrX	15602116	15602118	cg08559914
chrX	15664883	15664885	cg20473453
chrX	15665572	15665574	cg13876499
chrX	15738260	15738262	cg18430208
chrX	15738590	15738592	cg25376316
chrX	15790266	15790268	cg11353032
chrX	15790776	15790778	cg05012785
chrX	15854827	15854829	cg17659886
chrX	15855357	15855359	cg25100404
chrX	16123485	16123487	cg13401681
chrX	16650658	16650660	cg00582372
chrX	16712875	16712877	cg25523185
chrX	16712971	16712973	cg08214328
chrX	16719556	16719558	cg21472099
chrX	16719676	16719678	cg00331433
chrX	16786210	16786212	cg04765675
chrX	16786512	16786514	cg22917082
chrX	16870290	16870292	cg17880859
chrX	16871559	16871561	cg14719055
chrX	16946619	16946621	cg26745032
chrX	16947281	16947283	cg20855303
chrX	17374892	17374894	cg18239702
chrX	17375460	17375462	cg14345281
chrX	17737184	17737186	cg18049750
chrX	17737718	17737720	cg00230685
chrX	17802937	17802939	cg06220755
chrX	17802976	17802978	cg20154346
chrX	18220860	18220862	cg01872771
chrX	18221161	18221163	cg19845843
chrX	18354491	18354493	cg26246138
chrX	18354842	18354844	cg08300622
chrX	18425336	18425338	cg01885202
chrX	18426240	18426242	cg14755341
chrX	18673020	18673022	cg17626563
chrX	18690833	18690835	cg17198372
chrX	18690996	18690998	cg00497084
chrX	18983887	18983889	cg06700462
chrX	18985124	18985126	cg07314984
chrX	19082706	19082708	cg03142203
chrX	19082871	19082873	cg17119559
chrX	19343621	19343623	cg13658777
chrX	19344494	19344496	cg03575468
chrX	19887406	19887408	cg25941716
chrX	19889003	19889005	cg24774956
chrX	19965472	19965474	cg25257360
chrX	19966873	19966875	cg16561743
chrX	20116785	20116787	cg10009830
chrX	20117331	20117333	cg08575950
chrX	20141409	20141411	cg05339472
chrX	20141950	20141952	cg14354749
chrX	20266009	20266011	cg11565248
chrX	20267789	20267791	cg19696622
chrX	21374525	21374527	cg09252204
chrX	21374869	21374871	cg26267038
chrX	21657748	21657750	cg04488527
chrX	21658933	21658935	cg21655480
chrX	21758099	21758101	cg19002579
chrX	21758253	21758255	cg05856884
chrX	21839593	21839595	cg27465531
chrX	21840185	21840187	cg21195120
chrX	21856204	21856206	cg01662650
chrX	21856495	21856497	cg13928866
chrX	21940386	21940388	cg18624866
chrX	22032858	22032860	cg10906663
chrX	22272802	22272804	cg20063650
chrX	22273312	22273314	cg01909378
chrX	23667335	23667337	cg08248532
chrX	23667611	23667613	cg07581973
chrX	23782938	23782940	cg20308511
chrX	23907628	23907630	cg04924696
chrX	23908196	23908198	cg11016745
chrX	23909166	23909168	cg21567017
chrX	24054693	24054695	cg00060882
chrX	24055171	24055173	cg07238167
chrX	24149216	24149218	cg00977690
chrX	24150692	24150694	cg03159836
chrX	24464928	24464930	cg18256128
chrX	24465778	24465780	cg18414950
chrX	24647178	24647180	cg22731373
chrX	24647551	24647553	cg20922422
chrX	24693515	24693517	cg14520892
chrX	25015240	25015242	cg22437699
chrX	25015772	25015774	cg25053900
chrX	26138427	26138429	cg13226591
chrX	26192405	26192407	cg10127415
chrX	26192594	26192596	cg16122592
chrX	28586543	28586545	cg06927864
chrX	28587624	28587626	cg26810336
chrX	30215372	30215374	cg11291200
chrX	30215644	30215646	cg17299712
chrX	30230318	30230320	cg26895595
chrX	30230800	30230802	cg14774175
chrX	30242004	30242006	cg05141400
chrX	30242183	30242185	cg07398429
chrX	30243107	30243109	cg13201322
chrX	30309372	30309374	cg09562455
chrX	30309701	30309703	cg22705954
chrX	30577572	30577574	cg01997953
chrX	30652821	30652823	cg05238794
chrX	30653642	30653644	cg15636587
chrX	30974984	30974986	cg14186071
chrX	30976148	30976150	cg03959079
chrX	31071574	31071576	cg04515986
chrX	33339543	33339545	cg21836062
chrX	33339664	33339666	cg05039054
chrX	34656918	34656920	cg14346048
chrX	34657737	34657739	cg21290885
chrX	34942696	34942698	cg11648996
chrX	34943010	34943012	cg09283007
chrX	35919831	35919833	cg10864286
chrX	36047739	36047741	cg13792569
chrX	36986116	36986118	cg01975392
chrX	36986644	36986646	cg25748736
chrX	37386040	37386042	cg00939965
chrX	37685551	37685553	cg08902818
chrX	37686332	37686334	cg07489003
chrX	37779705	37779707	cg21807589
chrX	37780368	37780370	cg04394101
chrX	37847565	37847567	cg25359581
chrX	37847820	37847822	cg20119635
chrX	38033957	38033959	cg12731488
chrX	38220463	38220465	cg23750556
chrX	38221354	38221356	cg08480367
chrX	38327145	38327147	cg25933726
chrX	38327752	38327754	cg07824317
chrX	38350967	38350969	cg06350107
chrX	38352401	38352403	cg10537079
chrX	38561072	38561074	cg20450764
chrX	38561824	38561826	cg21516819
chrX	38803672	38803674	cg25812668
chrX	38803863	38803865	cg21888438
chrX	40102795	40102797	cg03161453
chrX	40102941	40102943	cg24183173
chrX	40581451	40581453	cg06731599
chrX	40647496	40647498	cg18364820
chrX	40647721	40647723	cg22148243
chrX	40735684	40735686	cg03465847
chrX	40735836	40735838	cg04507972
chrX	41123643	41123645	cg12330929
chrX	41332910	41332912	cg12689375
chrX	41333618	41333620	cg27042767
chrX	41447017	41447019	cg18230216
chrX	41447514	41447516	cg10591659
chrX	41688447	41688449	cg16371833
chrX	41688739	41688741	cg22835805
chrX	41722991	41722993	cg14455991
chrX	41923901	41923903	cg16269097
chrX	43656100	43656102	cg19441691
chrX	43656295	43656297	cg15014034
chrX	43882579	43882581	cg00121904
chrX	43973033	43973035	cg11614809
chrX	44542515	44542517	cg14084176
chrX	44543201	44543203	cg18511445
chrX	44844239	44844241	cg25708912
chrX	44865788	44865790	cg04697849
chrX	45200660	45200662	cg17196716
chrX	45201298	45201300	cg22010317
chrX	46447097	46447099	cg14260918
chrX	46447427	46447429	cg15008991
chrX	46573334	46573336	cg00191052
chrX	46574011	46574013	cg04872051
chrX	46725708	46725710	cg07711515
chrX	46758728	46758730	cg18799866
chrX	46759532	46759534	cg14841098
chrX	46836915	46836917	cg24511534
chrX	46836990	46836992	cg08905118
chrX	46912144	46912146	cg17843048
chrX	46912448	46912450	cg19194595
chrX	47078171	47078173	cg09625066
chrX	47078429	47078431	cg07654896
chrX	47143760	47143762	cg20430101
chrX	47143962	47143964	cg21355508
chrX	47144651	47144653	cg02165720
chrX	47145490	47145492	cg13815872
chrX	47190629	47190631	cg25059428
chrX	47191080	47191082	cg17775283
chrX	47217961	47217963	cg06691299
chrX	47218415	47218417	cg14044580
chrX	47232888	47232890	cg25316166
chrX	47233160	47233162	cg16082125
chrX	47370389	47370391	cg13794642
chrX	47370878	47370880	cg03957435
chrX	47483080	47483082	cg01887353
chrX	47560948	47560950	cg04283377
chrX	47561108	47561110	cg10455133
chrX	47581890	47581892	cg14161730
chrX	47582379	47582381	cg16523424
chrX	47619648	47619650	cg13839778
chrX	47620262	47620264	cg05254049
chrX	47630263	47630265	cg07688234
chrX	47630687	47630689	cg17662177
chrX	47650484	47650486	cg11653864
chrX	47651107	47651109	cg21860846
chrX	47659369	47659371	cg20098118
chrX	47659449	47659451	cg19206010
chrX	48004196	48004198	cg26150490
chrX	48107864	48107866	cg00126657
chrX	48127283	48127285	cg16045696
chrX	48196809	48196811	cg18616655
chrX	48196853	48196855	cg23812886
chrX	48255070	48255072	cg25368212
chrX	48255588	48255590	cg19585882
chrX	48356672	48356674	cg08769044
chrX	48356839	48356841	cg13601079
chrX	48411458	48411460	cg14284171
chrX	48412177	48412179	cg10575735
chrX	48469898	48469900	cg19407886
chrX	48470889	48470891	cg03021892
chrX	48475948	48475950	cg05494459
chrX	48476333	48476335	cg06489418
chrX	48508804	48508806	cg08785133
chrX	48509580	48509582	cg02725692
chrX	48521538	48521540	cg13771629
chrX	48522031	48522033	cg08496601
chrX	48574272	48574274	cg27333993
chrX	48574608	48574610	cg12251508
chrX	48596838	48596840	cg19138060
chrX	48598161	48598163	cg25053301
chrX	48683042	48683044	cg24428913
chrX	48684008	48684010	cg00078867
chrX	48696510	48696512	cg22983460
chrX	48786201	48786203	cg22543648
chrX	48786615	48786617	cg00536175
chrX	48801305	48801307	cg24616736
chrX	48802405	48802407	cg10783042
chrX	48827532	48827534	cg13192155
chrX	48828872	48828874	cg12449183
chrX	48835262	48835264	cg07374632
chrX	48835965	48835967	cg07526675
chrX	48897217	48897219	cg23280339
chrX	48897922	48897924	cg14520448
chrX	48899314	48899316	cg04735237
chrX	48911605	48911607	cg23709838
chrX	48912092	48912094	cg14132995
chrX	48918847	48918849	cg15480941
chrX	48919457	48919459	cg18653991
chrX	48957010	48957012	cg09928375
chrX	48957862	48957864	cg18780401
chrX	48971662	48971664	cg06526829
chrX	48972696	48972698	cg15200096
chrX	49043242	49043244	cg02004156
chrX	49043819	49043821	cg01241836
chrX	49058559	49058561	cg03221436
chrX	49059126	49059128	cg14766682
chrX	49073728	49073730	cg20371650
chrX	49074293	49074295	cg14368286
chrX	49101024	49101026	cg17552650
chrX	49123420	49123422	cg08324796
chrX	49124343	49124345	cg17705081
chrX	49171690	49171692	cg18503052
chrX	49171951	49171953	cg12653105
chrX	49186102	49186104	cg07242375
chrX	49186901	49186903	cg10417559
chrX	49200145	49200147	cg10818284
chrX	49200533	49200535	cg16370737
chrX	49234233	49234235	cg18473117
chrX	49235968	49235970	cg26606552
chrX	49264825	49264827	cg04920616
chrX	49265960	49265962	cg08884343
chrX	49340008	49340010	cg10530713
chrX	49542162	49542164	cg20676303
chrX	49551844	49551846	cg04431776
chrX	49569038	49569040	cg13758677
chrX	49695935	49695937	cg04282422
chrX	49696027	49696029	cg23937047
chrX	49828330	49828332	cg14356114
chrX	49829550	49829552	cg04636194
chrX	50069086	50069088	cg20062122
chrX	50069798	50069800	cg19223616
chrX	50201621	50201623	cg00941549
chrX	50284388	50284390	cg00141550
chrX	50284605	50284607	cg09555679
chrX	50910732	50910734	cg02060618
chrX	50910827	50910829	cg26839325
chrX	51406889	51406891	cg20931907
chrX	51407117	51407119	cg11132751
chrX	51742737	51742739	cg21258987
chrX	51743748	51743750	cg22601215
chrX	51803035	51803037	cg17991347
chrX	51803571	51803573	cg01195014
chrX	52069149	52069151	cg26738912
chrX	52184655	52184657	cg23078779
chrX	52368880	52368882	cg06057707
chrX	52368882	52368884	cg14063673
chrX	52622836	52622838	cg00962799
chrX	52623745	52623747	cg01632517
chrX	52654756	52654758	cg06834983
chrX	52654923	52654925	cg15329483
chrX	52707198	52707200	cg06310489
chrX	52751111	52751113	cg03712237
chrX	52811711	52811713	cg25993152
chrX	52812608	52812610	cg22562335
chrX	52867960	52867962	cg17919471
chrX	52957814	52957816	cg03936963
chrX	53049321	53049323	cg11505080
chrX	53049448	53049450	cg10530733
chrX	53081987	53081989	cg17889912
chrX	53082424	53082426	cg24779040
chrX	53225470	53225472	cg04927982
chrX	53422473	53422475	cg13741802
chrX	53422950	53422952	cg00359973
chrX	53423973	53423975	cg21515329
chrX	53434265	53434267	cg04241572
chrX	53434507	53434509	cg00128197
chrX	53653834	53653836	cg04058675
chrX	54043742	54043744	cg08076508
chrX	54044307	54044309	cg09920632
chrX	54183160	54183162	cg04944936
chrX	54183486	54183488	cg13183496
chrX	54358530	54358532	cg12707233
chrX	54440184	54440186	cg03735049
chrX	54440618	54440620	cg20504202
chrX	54495929	54495931	cg11609760
chrX	54497451	54497453	cg01592593
chrX	54529896	54529898	cg10318351
chrX	54530399	54530401	cg26822601
chrX	54798125	54798127	cg15521097
chrX	54807810	54807812	cg00690049
chrX	54920939	54920941	cg06942445
chrX	54994016	54994018	cg11472424
chrX	54995407	54995409	cg13897449
chrX	55000051	55000053	cg05961595
chrX	55000428	55000430	cg00145348
chrX	55030961	55030963	cg21045917
chrX	55031404	55031406	cg14168975
chrX	55088936	55088938	cg05996238
chrX	55089357	55089359	cg27303882
chrX	55220021	55220023	cg13991029
chrX	55220543	55220545	cg13837202
chrX	55451746	55451748	cg18869368
chrX	55452105	55452107	cg01172484
chrX	55489049	55489051	cg25424556
chrX	55489790	55489792	cg18770944
chrX	55658047	55658049	cg20611872
chrX	55717635	55717637	cg12900739
chrX	55717757	55717759	cg14321399
chrX	56232809	56232811	cg06457357
chrX	56232939	56232941	cg06655100
chrX	56563358	56563360	cg10009003
chrX	56563928	56563930	cg02492740
chrX	57137454	57137456	cg06384491
chrX	57286600	57286602	cg12799835
chrX	57286641	57286643	cg11598929
chrX	57910569	57910571	cg02678356
chrX	57911544	57911546	cg18628674
chrX	63754552	63754554	cg02326006
chrX	63755186	63755188	cg11291009
chrX	64205241	64205243	cg19407266
chrX	64205895	64205897	cg07137581
chrX	64226163	64226165	cg25456959
chrX	64395502	64395504	cg09406238
chrX	64976397	64976399	cg23926715
chrX	64976870	64976872	cg11049305
chrX	65534982	65534984	cg17001703
chrX	65535072	65535074	cg00947275
chrX	65667250	65667252	cg09778422
chrX	65667871	65667873	cg16204757
chrX	66039547	66039549	cg26561773
chrX	66040977	66040979	cg16786117
chrX	66162686	66162688	cg13482233
chrX	66163233	66163235	cg08021299
chrX	66615961	66615963	cg14372520
chrX	66616149	66616151	cg26328611
chrX	67543516	67543518	cg04755662
chrX	67543602	67543604	cg14807303
chrX	67543842	67543844	cg20878850
chrX	67544157	67544159	cg16679837
chrX	67544283	67544285	cg05786601
chrX	67544568	67544570	cg27271368
chrX	67544688	67544690	cg01086868
chrX	67546039	67546041	cg21966410
chrX	67546135	67546137	cg12589433
chrX	67546491	67546493	cg05019001
chrX	67546663	67546665	cg07780118
chrX	68433755	68433757	cg04702045
chrX	68433906	68433908	cg17718322
chrX	68498456	68498458	cg14986420
chrX	68499223	68499225	cg24034992
chrX	68647560	68647562	cg13370916
chrX	68647875	68647877	cg20832009
chrX	68827872	68827874	cg12753358
chrX	68828287	68828289	cg04368919
chrX	68828769	68828771	cg15895359
chrX	68828974	68828976	cg24139739
chrX	68829065	68829067	cg15977272
chrX	68829241	68829243	cg10950297
chrX	68829769	68829771	cg23545272
chrX	68829961	68829963	cg04907664
chrX	68830372	68830374	cg11764747
chrX	69615644	69615646	cg26617508
chrX	69616263	69616265	cg20540913
chrX	70062252	70062254	cg22762309
chrX	70062506	70062508	cg15677355
chrX	70133196	70133198	cg20825323
chrX	70177345	70177347	cg17693270
chrX	70177853	70177855	cg05749792
chrX	70259363	70259365	cg04574723
chrX	70260362	70260364	cg26545968
chrX	70267346	70267348	cg11494656
chrX	70267897	70267899	cg05587158
chrX	70289843	70289845	cg17206029
chrX	70290220	70290222	cg16256230
chrX	70422746	70422748	cg08254263
chrX	70423993	70423995	cg25685838
chrX	70444631	70444633	cg20051589
chrX	70445252	70445254	cg24376537
chrX	70930871	70930873	cg10801213
chrX	70931283	70931285	cg20622056
chrX	71068175	71068177	cg14892037
chrX	71068753	71068755	cg15454483
chrX	71096194	71096196	cg09176853
chrX	71096403	71096405	cg24522076
chrX	71111464	71111466	cg01361446
chrX	71112110	71112112	cg15201909
chrX	71118480	71118482	cg21693321
chrX	71118805	71118807	cg05511752
chrX	71144692	71144694	cg02345317
chrX	71144924	71144926	cg04037732
chrX	71223150	71223152	cg17542495
chrX	71223242	71223244	cg04323365
chrX	71254321	71254323	cg25226891
chrX	71254932	71254934	cg03992069
chrX	71283195	71283197	cg06620254
chrX	71284207	71284209	cg26907889
chrX	71301345	71301347	cg23717696
chrX	71301799	71301801	cg12391921
chrX	71365694	71365696	cg23986186
chrX	71366328	71366330	cg10401803
chrX	71492364	71492366	cg03704031
chrX	71492552	71492554	cg05594230
chrX	71532788	71532790	cg26399113
chrX	71533172	71533174	cg04397441
chrX	71618139	71618141	cg08843314
chrX	72181158	72181160	cg21284636
chrX	72181484	72181486	cg21224759
chrX	72276814	72276816	cg25869832
chrX	72277450	72277452	cg02575859
chrX	72306939	72306941	cg18468467
chrX	72307755	72307757	cg02690554
chrX	72572694	72572696	cg26955512
chrX	72573324	72573326	cg17354708
chrX	72713780	72713782	cg20816612
chrX	72714846	72714848	cg11806565
chrX	72877764	72877766	cg25268283
chrX	72877969	72877971	cg27344326
chrX	73214883	73214885	cg04297329
chrX	73447233	73447235	cg20663980
chrX	73447258	73447260	cg01135626
chrX	74304117	74304119	cg04211807
chrX	74304193	74304195	cg24006341
chrX	74419973	74419975	cg23137494
chrX	74421534	74421536	cg06277838
chrX	74614459	74614461	cg26751631
chrX	74614760	74614762	cg11661234
chrX	75156130	75156132	cg23279136
chrX	75156415	75156417	cg16227775
chrX	75273516	75273518	cg00141845
chrX	75274230	75274232	cg19011603
chrX	75522974	75522976	cg11272332
chrX	75523539	75523541	cg05373692
chrX	75785192	75785194	cg20648827
chrX	75785251	75785253	cg05152459
chrX	76172735	76172737	cg12901064
chrX	76172971	76172973	cg25591670
chrX	76427465	76427467	cg04544498
chrX	76427822	76427824	cg12431196
chrX	77454008	77454010	cg02096520
chrX	77786072	77786074	cg02148711
chrX	77895468	77895470	cg16429439
chrX	77895739	77895741	cg10526888
chrX	77899646	77899648	cg18449462
chrX	77910796	77910798	cg21142188
chrX	78103857	78103859	cg10560144
chrX	78103865	78103867	cg00151234
chrX	78327415	78327417	cg26848126
chrX	78328573	78328575	cg02518339
chrX	78658556	78658558	cg25670900
chrX	78658651	78658653	cg03833774
chrX	78755067	78755069	cg03445896
chrX	78944543	78944545	cg13088755
chrX	78945423	78945425	cg23079782
chrX	79171379	79171381	cg19388557
chrX	79367361	79367363	cg10894453
chrX	79368610	79368612	cg06208111
chrX	80021567	80021569	cg17205788
chrX	80022433	80022435	cg15375586
chrX	80809250	80809252	cg25063710
chrX	80809961	80809963	cg03164831
chrX	81121248	81121250	cg09086179
chrX	81121908	81121910	cg02132188
chrX	81201879	81201881	cg26937530
chrX	81202549	81202551	cg12650780
chrX	83508238	83508240	cg23921534
chrX	83508509	83508511	cg20065832
chrX	84200363	84200365	cg05813234
chrX	85243925	85243927	cg13809962
chrX	85244072	85244074	cg24415468
chrX	85379750	85379752	cg24387818
chrX	85379762	85379764	cg10907112
chrX	86048304	86048306	cg25488547
chrX	86048422	86048424	cg06340713
chrX	86148469	86148471	cg15373633
chrX	86148894	86148896	cg01718602
chrX	87517432	87517434	cg16948369
chrX	87517891	87517893	cg07897414
chrX	88747309	88747311	cg06590711
chrX	89921706	89921708	cg19140639
chrX	89921940	89921942	cg01215061
chrX	91434023	91434025	cg23407366
chrX	91434826	91434828	cg04875162
chrX	91779003	91779005	cg07474356
chrX	93673608	93673610	cg22189618
chrX	93673711	93673713	cg00768439
chrX	96684631	96684633	cg17694877
chrX	96684710	96684712	cg07917796
chrX	100584291	100584293	cg00403724
chrX	100636795	100636797	cg06416685
chrX	100643923	100643925	cg19481953
chrX	100643932	100643934	cg18727700
chrX	100731363	100731365	cg00962635
chrX	100731558	100731560	cg12382941
chrX	100819984	100819986	cg18695429
chrX	100820598	100820600	cg08093211
chrX	100874578	100874580	cg27067621
chrX	100929353	100929355	cg11664825
chrX	101051790	101051792	cg13286902
chrX	101078788	101078790	cg13340269
chrX	101078960	101078962	cg16510657
chrX	101098363	101098365	cg14743649
chrX	101100713	101100715	cg12724827
chrX	101219257	101219259	cg16716983
chrX	101220134	101220136	cg23756219
chrX	101348572	101348574	cg26461352
chrX	101349076	101349078	cg18289259
chrX	101385514	101385516	cg00126698
chrX	101386298	101386300	cg03791917
chrX	101390752	101390754	cg00029931
chrX	101391117	101391119	cg18507125
chrX	101406890	101406892	cg13723482
chrX	101407786	101407788	cg20648463
chrX	101408062	101408064	cg06162422
chrX	101485433	101485435	cg20085077
chrX	101485949	101485951	cg14457691
chrX	101550519	101550521	cg23116589
chrX	101550699	101550701	cg18731813
chrX	101617997	101617999	cg05592527
chrX	101623116	101623118	cg06900776
chrX	101623143	101623145	cg12691219
chrX	101659151	101659153	cg19055639
chrX	101659862	101659864	cg22343001
chrX	101858158	101858160	cg03127543
chrX	101858412	101858414	cg15812071
chrX	102125318	102125320	cg00238052
chrX	102126045	102126047	cg23163644
chrX	102463138	102463140	cg00280894
chrX	102463225	102463227	cg13621440
chrX	102516696	102516698	cg19062189
chrX	102599347	102599349	cg11810837
chrX	102652629	102652631	cg23571457
chrX	102654135	102654137	cg21232685
chrX	102712088	102712090	cg00862041
chrX	102712628	102712630	cg23066860
chrX	102720668	102720670	cg15309236
chrX	102720809	102720811	cg00968475
chrX	103064191	103064193	cg23936476
chrX	103064439	103064441	cg21509846
chrX	103092996	103092998	cg12584889
chrX	103094419	103094421	cg01961936
chrX	103255341	103255343	cg20416767
chrX	103310679	103310681	cg24765005
chrX	103311022	103311024	cg12549513
chrX	103330024	103330026	cg14179628
chrX	103330425	103330427	cg05105069
chrX	103356324	103356326	cg14986136
chrX	103356522	103356524	cg15211677
chrX	103375482	103375484	cg00725777
chrX	103376479	103376481	cg05782975
chrX	103585506	103585508	cg00662775
chrX	103607630	103607632	cg22998840
chrX	103608075	103608077	cg24648715
chrX	103628865	103628867	cg19928247
chrX	103686569	103686571	cg08262933
chrX	103686740	103686742	cg26309951
chrX	103776049	103776051	cg18564727
chrX	103777208	103777210	cg19481052
chrX	103832222	103832224	cg20275344
chrX	104254895	104254897	cg04721883
chrX	104254965	104254967	cg09261015
chrX	104565776	104565778	cg23384620
chrX	104566343	104566345	cg23055678
chrX	106036894	106036896	cg24636657
chrX	106612065	106612067	cg03057808
chrX	106693927	106693929	cg09676788
chrX	106802594	106802596	cg04238548
chrX	106802943	106802945	cg21395967
chrX	106919778	106919780	cg12654845
chrX	106920458	106920460	cg17051440
chrX	106985173	106985175	cg21067846
chrX	107118341	107118343	cg05327750
chrX	107119142	107119144	cg03273615
chrX	107206592	107206594	cg02597128
chrX	107206636	107206638	cg06350796
chrX	107207799	107207801	cg05163206
chrX	107272587	107272589	cg12537796
chrX	107628247	107628249	cg21080294
chrX	107775200	107775202	cg00404599
chrX	107775960	107775962	cg07473550
chrX	107826107	107826109	cg20514061
chrX	107826186	107826188	cg19771541
chrX	107981815	107981817	cg25071429
chrX	107982399	107982401	cg10857345
chrX	108044633	108044635	cg06522719
chrX	108090231	108090233	cg15409266
chrX	108090307	108090309	cg18124706
chrX	108091395	108091397	cg18044482
chrX	108091703	108091705	cg17926057
chrX	108439308	108439310	cg11552293
chrX	108439535	108439537	cg11678767
chrX	108736338	108736340	cg08416046
chrX	108737127	108737129	cg13082192
chrX	109481877	109481879	cg22901146
chrX	109482310	109482312	cg24286301
chrX	109535563	109535565	cg06041240
chrX	109535624	109535626	cg13257485
chrX	109625545	109625547	cg05437059
chrX	109626414	109626416	cg26644504
chrX	109732805	109732807	cg15536552
chrX	109733626	109733628	cg06822229
chrX	110002096	110002098	cg07911663
chrX	110003143	110003145	cg11839979
chrX	110317522	110317524	cg12576145
chrX	110318689	110318691	cg00279797
chrX	110418633	110418635	cg06338119
chrX	110418884	110418886	cg06617418
chrX	110521543	110521545	cg07514381
chrX	110795657	110795659	cg05921207
chrX	110796040	110796042	cg12485020
chrX	111096084	111096086	cg14708847
chrX	111096633	111096635	cg14688956
chrX	111270712	111270714	cg19688503
chrX	111412137	111412139	cg21087043
chrX	111680448	111680450	cg23378094
chrX	111681238	111681240	cg19963797
chrX	111727024	111727026	cg21090723
chrX	112082266	112082268	cg22799132
chrX	112083863	112083865	cg12872238
chrX	112679982	112679984	cg20869203
chrX	112681141	112681143	cg00874863
chrX	112840352	112840354	cg27581839
chrX	112841219	112841221	cg18389752
chrX	114583936	114583938	cg00202711
chrX	114583938	114583940	cg05772663
chrX	115018751	115018753	cg00488364
chrX	115190204	115190206	cg07621042
chrX	115190584	115190586	cg16884539
chrX	115289251	115289253	cg08693325
chrX	115289903	115289905	cg20849987
chrX	115561157	115561159	cg16221059
chrX	115561276	115561278	cg08990057
chrX	116170264	116170266	cg16191875
chrX	116437523	116437525	cg00894577
chrX	117395996	117395998	cg04774694
chrX	117972929	117972931	cg00691822
chrX	117973711	117973713	cg06494770
chrX	118345728	118345730	cg09144786
chrX	118345788	118345790	cg13674559
chrX	118727425	118727427	cg01080862
chrX	118823652	118823654	cg11871549
chrX	118824568	118824570	cg01112452
chrX	118974542	118974544	cg21183872
chrX	118975104	118975106	cg06944050
chrX	119235607	119235609	cg05397738
chrX	119236392	119236394	cg07876586
chrX	119398845	119398847	cg02232922
chrX	119399078	119399080	cg17439480
chrX	119467927	119467929	cg10321196
chrX	119468568	119468570	cg02718563
chrX	119565383	119565385	cg22873668
chrX	119565519	119565521	cg08591489
chrX	119573949	119573951	cg06273903
chrX	119574661	119574663	cg14625604
chrX	119606650	119606652	cg22617367
chrX	119693146	119693148	cg09581098
chrX	119693925	119693927	cg21501064
chrX	119791048	119791050	cg21934269
chrX	119792164	119792166	cg04533591
chrX	119852983	119852985	cg00179446
chrX	119853199	119853201	cg15681351
chrX	119871032	119871034	cg14616651
chrX	119871949	119871951	cg14541939
chrX	119872873	119872875	cg23180270
chrX	119895969	119895971	cg25645748
chrX	119896694	119896696	cg15664701
chrX	119943699	119943701	cg19410841
chrX	119943856	119943858	cg03122511
chrX	120077757	120077759	cg16499669
chrX	120116516	120116518	cg18930892
chrX	120116597	120116599	cg27250462
chrX	120158690	120158692	cg15465321
chrX	120245332	120245334	cg04967538
chrX	120245415	120245417	cg24038764
chrX	120250528	120250530	cg13128531
chrX	120250936	120250938	cg02649608
chrX	120310982	120310984	cg04455999
chrX	120361849	120361851	cg19523692
chrX	120362146	120362148	cg04336572
chrX	120469242	120469244	cg14854487
chrX	120469365	120469367	cg18307604
chrX	120575515	120575517	cg13174077
chrX	120603911	120603913	cg10536534
chrX	120604099	120604101	cg21978299
chrX	120629973	120629975	cg24054653
chrX	121047597	121047599	cg11174654
chrX	123184186	123184188	cg19994834
chrX	123184485	123184487	cg23424962
chrX	123859568	123859570	cg00920960
chrX	123860218	123860220	cg09950034
chrX	123961033	123961035	cg26222407
chrX	123961915	123961917	cg16243644
chrX	124346162	124346164	cg07980988
chrX	124346453	124346455	cg25248094
chrX	124964159	124964161	cg08750326
chrX	126552251	126552253	cg25086957
chrX	126553055	126553057	cg22980351
chrX	128051922	128051924	cg07940804
chrX	128053650	128053652	cg09840989
chrX	129522747	129522749	cg10076009
chrX	129523915	129523917	cg24447042
chrX	129540156	129540158	cg08759036
chrX	129540787	129540789	cg21365235
chrX	129738963	129738965	cg23026995
chrX	129739498	129739500	cg03455762
chrX	129779694	129779696	cg04499381
chrX	129780003	129780005	cg18091964
chrX	129905886	129905888	cg15231886
chrX	129906504	129906506	cg16367232
chrX	129981481	129981483	cg18535534
chrX	129983264	129983266	cg23269489
chrX	130109896	130109898	cg06428055
chrX	130111533	130111535	cg04544154
chrX	130165392	130165394	cg21046413
chrX	130166115	130166117	cg25317260
chrX	130171061	130171063	cg24340926
chrX	130172154	130172156	cg07342016
chrX	130268834	130268836	cg06899582
chrX	130269002	130269004	cg11822772
chrX	130340224	130340226	cg04493740
chrX	130385086	130385088	cg14942312
chrX	130386138	130386140	cg21087701
chrX	130401708	130401710	cg14106263
chrX	130402112	130402114	cg26655138
chrX	130903182	130903184	cg20964758
chrX	130903327	130903329	cg10090585
chrX	131058326	131058328	cg24813163
chrX	131289314	131289316	cg04882894
chrX	132023287	132023289	cg08680085
chrX	132023397	132023399	cg22016571
chrX	132217514	132217516	cg14570389
chrX	132218505	132218507	cg08965337
chrX	132439605	132439607	cg02549418
chrX	132439701	132439703	cg05920720
chrX	133028414	133028416	cg26418544
chrX	133218185	133218187	cg08023692
chrX	133414853	133414855	cg08798116
chrX	133415735	133415737	cg14600040
chrX	133985550	133985552	cg07297906
chrX	134372965	134372967	cg02804166
chrX	134373363	134373365	cg16452396
chrX	134459639	134459641	cg10584819
chrX	134460920	134460922	cg02264284
chrX	134658251	134658253	cg14674582
chrX	134658845	134658847	cg17073891
chrX	134796315	134796317	cg18717447
chrX	134807132	134807134	cg16510010
chrX	134807194	134807196	cg01309671
chrX	134915240	134915242	cg06363801
chrX	134915647	134915649	cg00673020
chrX	135031978	135031980	cg04922020
chrX	135032579	135032581	cg27198071
chrX	135172481	135172483	cg15741706
chrX	135343100	135343102	cg08846002
chrX	135344535	135344537	cg02032561
chrX	135345243	135345245	cg19392138
chrX	135421614	135421616	cg09347151
chrX	135422579	135422581	cg17231524
chrX	135767478	135767480	cg21457804
chrX	135871914	135871916	cg16144006
chrX	135893491	135893493	cg24101388
chrX	135893769	135893771	cg19856594
chrX	135974698	135974700	cg21932800
chrX	135985296	135985298	cg06657741
chrX	135985633	135985635	cg08695223
chrX	136146693	136146695	cg14506668
chrX	136488028	136488030	cg15016628
chrX	136497306	136497308	cg09923855
chrX	136497820	136497822	cg19949137
chrX	136531727	136531729	cg12384303
chrX	136531892	136531894	cg21462299
chrX	136647813	136647815	cg02992767
chrX	136648253	136648255	cg11944101
chrX	136781163	136781165	cg09517019
chrX	136781620	136781622	cg20739508
chrX	136880727	136880729	cg12517167
chrX	136880977	136880979	cg14642832
chrX	137031668	137031670	cg11033833
chrX	137032047	137032049	cg01228667
chrX	137565257	137565259	cg25410053
chrX	137566393	137566395	cg13613682
chrX	138738589	138738591	cg07146718
chrX	139530770	139530772	cg10339201
chrX	139642467	139642469	cg06959635
chrX	139642917	139642919	cg21557231
chrX	139832411	139832413	cg18433694
chrX	140505018	140505020	cg02847500
chrX	140505313	140505315	cg24432916
chrX	140784329	140784331	cg08214957
chrX	140785912	140785914	cg02457752
chrX	141002385	141002387	cg17239363
chrX	141176990	141176992	cg20104776
chrX	141177440	141177442	cg14562990
chrX	141589787	141589789	cg25328975
chrX	141698383	141698385	cg26572597
chrX	141698587	141698589	cg01227519
chrX	141837407	141837409	cg17474651
chrX	141838622	141838624	cg02818322
chrX	141903805	141903807	cg25651984
chrX	141903927	141903929	cg11110686
chrX	142205233	142205235	cg23813564
chrX	142205546	142205548	cg15602735
chrX	143634924	143634926	cg05801573
chrX	143635637	143635639	cg12842316
chrX	145817291	145817293	cg03020597
chrX	145817893	145817895	cg27584469
chrX	147911389	147911391	cg07147350
chrX	147912259	147912261	cg08434396
chrX	147981026	147981028	cg12732953
chrX	147981573	147981575	cg22495120
chrX	148500532	148500534	cg13928116
chrX	148501206	148501208	cg27198824
chrX	149505400	149505402	cg09018810
chrX	149505524	149505526	cg14230133
chrX	149541010	149541012	cg04222374
chrX	149541478	149541480	cg17571782
chrX	149587897	149587899	cg09607232
chrX	149595777	149595779	cg24489034
chrX	149631595	149631597	cg03157806
chrX	149632021	149632023	cg21030483
chrX	149687981	149687983	cg06060661
chrX	149688501	149688503	cg00799727
chrX	149774157	149774159	cg08420900
chrX	149782005	149782007	cg02649337
chrX	149881094	149881096	cg05047411
chrX	149881348	149881350	cg06145357
chrX	149938241	149938243	cg02973971
chrX	150445131	150445133	cg00032666
chrX	150445478	150445480	cg16440909
chrX	150568143	150568145	cg27278294
chrX	150568189	150568191	cg00180631
chrX	150693167	150693169	cg01079126
chrX	150693889	150693891	cg23947872
chrX	150898248	150898250	cg16343842
chrX	150899468	150899470	cg25130333
chrX	150982654	150982656	cg18665563
chrX	150983349	150983351	cg05935584
chrX	151697637	151697639	cg02020018
chrX	151715740	151715742	cg01423840
chrX	151716273	151716275	cg08177445
chrX	151734738	151734740	cg04613080
chrX	151734774	151734776	cg17032587
chrX	151912823	151912825	cg22497867
chrX	151974299	151974301	cg12204574
chrX	151975213	151975215	cg10276549
chrX	152117907	152117909	cg14107638
chrX	152118225	152118227	cg06313930
chrX	152138245	152138247	cg04950711
chrX	152138580	152138582	cg19964192
chrX	152450917	152450919	cg24995836
chrX	152451766	152451768	cg18003791
chrX	152637444	152637446	cg06177698
chrX	152638742	152638744	cg11714014
chrX	152698748	152698750	cg07545232
chrX	152698748	152698750	cg15408454
chrX	152698854	152698856	cg06899808
chrX	152698854	152698856	cg16390856
chrX	152714336	152714338	cg09917461
chrX	152717219	152717221	cg00415494
chrX	152732451	152732453	cg11236244
chrX	152732454	152732456	cg02504280
chrX	152733796	152733798	cg12728629
chrX	152733884	152733886	cg08977028
chrX	152733884	152733886	cg23509027
chrX	152751745	152751747	cg18787449
chrX	152753760	152753762	cg01743008
chrX	152754131	152754133	cg26534002
chrX	152759983	152759985	cg03033367
chrX	152829637	152829639	cg10634358
chrX	152829642	152829644	cg10349665
chrX	152830694	152830696	cg26624294
chrX	152831280	152831282	cg08800033
chrX	152918091	152918093	cg26872564
chrX	152918178	152918180	cg16022279
chrX	152991684	152991686	cg08159444
chrX	152992372	152992374	cg21137707
chrX	153055732	153055734	cg00800095
chrX	153057008	153057010	cg05376895
chrX	153073113	153073115	cg02274362
chrX	153078172	153078174	cg06904813
chrX	153177936	153177938	cg26414720
chrX	153179460	153179462	cg23776892
chrX	153494619	153494621	cg04929865
chrX	153495447	153495449	cg19618706
chrX	153535728	153535730	cg10290730
chrX	153536128	153536130	cg24443136
chrX	153598954	153598956	cg01140782
chrX	153599839	153599841	cg14815778
chrX	153642854	153642856	cg13915726
chrX	153673468	153673470	cg12919379
chrX	153686906	153686908	cg07446846
chrX	153723425	153723427	cg18244029
chrX	153723968	153723970	cg01910452
chrX	153724351	153724353	cg02205962
chrX	153725318	153725320	cg27453644
chrX	153725339	153725341	cg24964364
chrX	153763694	153763696	cg02273788
chrX	153764887	153764889	cg16342780
chrX	153781024	153781026	cg24496423
chrX	153781311	153781313	cg12468189
chrX	153793404	153793406	cg22903370
chrX	153793988	153793990	cg26035633
chrX	153794694	153794696	cg27271445
chrX	153830265	153830267	cg18233735
chrX	153831330	153831332	cg06051662
chrX	153875609	153875611	cg10926623
chrX	153876003	153876005	cg23050981
chrX	153904368	153904370	cg17189778
chrX	153904935	153904937	cg19351638
chrX	153926145	153926147	cg06791102
chrX	153927299	153927301	cg05906362
chrX	153935571	153935573	cg25758314
chrX	153936199	153936201	cg00434413
chrX	153944769	153944771	cg04287191
chrX	153946256	153946258	cg23282949
chrX	153964481	153964483	cg14784348
chrX	153965173	153965175	cg15222604
chrX	153971335	153971337	cg06809565
chrX	153973127	153973129	cg09275137
chrX	154019706	154019708	cg01353347
chrX	154020338	154020340	cg19572242
chrX	154096717	154096719	cg11479591
chrX	154098249	154098251	cg00981643
chrX	154143939	154143941	cg26809968
chrX	154144709	154144711	cg22899145
chrX	154258409	154258411	cg06325687
chrX	154294975	154294977	cg07356189
chrX	154295523	154295525	cg23106779
chrX	154374289	154374291	cg03672021
chrX	154374899	154374901	cg06758848
chrX	154378768	154378770	cg04344997
chrX	154379495	154379497	cg09229960
chrX	154398071	154398073	cg18923230
chrX	154398637	154398639	cg03464416
chrX	154410950	154410952	cg11331769
chrX	154411968	154411970	cg19421044
chrX	154412336	154412338	cg09202373
chrX	154427887	154427889	cg15657668
chrX	154428875	154428877	cg18742441
chrX	154436128	154436130	cg24857545
chrX	154436515	154436517	cg16227684
chrX	154443946	154443948	cg12219915
chrX	154444549	154444551	cg12687215
chrX	154457848	154457850	cg21533271
chrX	154458585	154458587	cg07428182
chrX	154479177	154479179	cg25410279
chrX	154479453	154479455	cg20641280
chrX	154486275	154486277	cg11371160
chrX	154487269	154487271	cg23232084
chrX	154490351	154490353	cg11233153
chrX	154491440	154491442	cg23493704
chrX	154515891	154515893	cg25714610
chrX	154516590	154516592	cg23698956
chrX	154546647	154546649	cg12536534
chrX	154547785	154547787	cg18780751
chrX	154585315	154585317	cg25531166
chrX	154653404	154653406	cg01325515
chrX	154655043	154655045	cg13726507
chrX	154750433	154750435	cg12938998
chrX	154751373	154751375	cg11681617
chrX	154762400	154762402	cg11824111
chrX	154763554	154763556	cg01257202
chrX	154805322	154805324	cg25813820
chrX	154805873	154805875	cg22858728
chrX	154884977	154884979	cg06532147
chrX	154885041	154885043	cg15082782
chrX	154886180	154886182	cg12572939
chrX	154886268	154886270	cg11854877
chrX	155022729	155022731	cg06306751
chrX	155026671	155026673	cg26116400
chrX	155027258	155027260	cg21697779
chrX	155070325	155070327	cg25893483
chrX	155070998	155071000	cg03595428
chrX	155071577	155071579	cg24341236
chrX	155216192	155216194	cg12324831
chrX	155216273	155216275	cg00618396
chrX	155264464	155264466	cg00547789
chrX	155264618	155264620	cg02298008
chrX	155334658	155334660	cg21248478
chrX	155612873	155612875	cg06659128
chrX	155613074	155613076	cg07311845
