chrX	192489	193489	PLCXD1
chrX	230386	231386	GTPBP6
chrX	347190	348190	PPP2R3B
chrX	584579	585579	SHOX
chrX	1331116	1332116	CRLF2
chrX	1387193	1388193	CSF2RA
chrX	1455009	1456009	IL3RA
chrX	1511117	1512117	SLC25A6
chrX	1572155	1573155	ASMTL
chrX	1655500	1656500	P2RY8
chrX	1709986	1710986	AKAP17A
chrX	1733394	1734394	ASMT
chrX	2418508	2419508	ZBED1
chrX	2420346	2421346	DHRSX
chrX	2608720	2609720	CD99
chrX	2669591	2670591	XG
chrX	2746329	2747329	GYG2
chrX	2846892	2847892	ARSD
chrX	2885786	2886786	ARSE
chrX	2924154	2925154	ARSH
chrX	2959012	2960012	ARSF
chrX	3189361	3190361	CXorf28
chrX	3264182	3265182	MXRA5
chrX	3631149	3632149	PRKX
chrX	3761398	3762398	RP11-706O15.1
chrX	6146404	6147404	NLGN4X
chrX	6452659	6453659	VCX3A
chrX	7065731	7066731	HDHD1
chrX	7136997	7137997	STS
chrX	7809803	7810803	VCX
chrX	7895280	7896280	PNPLA4
chrX	8138808	8139808	VCX2
chrX	8432371	8433371	VCX3B
chrX	8699727	8700727	KAL1
chrX	8768924	8769924	FAM9A
chrX	9132180	9133180	FAM9B
chrX	9430835	9431835	TBL1X
chrX	9753837	9754837	GPR143
chrX	9753996	9754996	SHROOM2
chrX	9934892	9935892	AC002365.1
chrX	9983102	9984102	WWC3
chrX	10124524	10125524	CLCN4
chrX	10851273	10852273	MID1
chrX	11128921	11129921	HCCS
chrX	11311033	11312033	AMELX
chrX	11683321	11684321	ARHGAP6
chrX	11775778	11776778	MSL3
chrX	12156085	12157085	FRMPD4
chrX	12808974	12809974	PRPS2
chrX	12884702	12885702	TLR7
chrX	12924239	12925239	TLR8
chrX	12992727	12993727	TMSB4X
chrX	13062301	13063301	FAM9C
chrX	13338018	13339018	ATXN3L
chrX	13587224	13588224	EGFL6
chrX	13670725	13671725	TCEANC
chrX	13706744	13707744	RAB9A
chrX	13752254	13753254	TRAPPC2
chrX	13752332	13753332	OFD1
chrX	13956257	13957257	GPM6B
chrX	14047512	14048512	GEMIN8
chrX	14546920	14547920	GLRA2
chrX	14890691	14891691	FANCB
chrX	14891063	14892063	MOSPD2
chrX	15288089	15289089	ASB9
chrX	15333278	15334278	ASB11
chrX	15353176	15354176	PIGA
chrX	15401998	15402998	FIGF
chrX	15481869	15482869	BMX
chrX	15511187	15512187	PIR
chrX	15619771	15620771	ACE2
chrX	15682654	15683654	TMEM27
chrX	15706453	15707453	CA5B
chrX	15808095	15809095	ZRSR2
chrX	15872554	15873554	AP1S2
chrX	16141179	16142179	GRPR
chrX	16185104	16186104	MAGEB17
chrX	16667781	16668781	S100G
chrX	16730559	16731559	CTPS2
chrX	16737255	16738255	SYAP1
chrX	16804050	16805050	TXLNG
chrX	16888037	16889037	RBBP7
chrX	16964314	16965314	REPS2
chrX	17393043	17394043	NHS
chrX	17755088	17756088	SCML1
chrX	17878957	17879957	RAI2
chrX	18238524	18239524	BEND2
chrX	18372347	18373347	SCML2
chrX	18443203	18444203	CDKL5
chrX	18689729	18690729	RS1
chrX	18693529	18694529	PPEF1
chrX	19002216	19003216	PHKA2
chrX	19140255	19141255	GPR64
chrX	19361511	19362511	PDHA1
chrX	19532879	19533879	MAP3K15
chrX	19905219	19906219	SH3KBP1
chrX	19987916	19988916	CXorf23
chrX	20134535	20135535	MAP7D2
chrX	20159462	20160462	EIF1AX
chrX	20285023	20286023	RPS6KA3
chrX	21392036	21393036	CNKSR2
chrX	21675948	21676948	KLHL34
chrX	21775781	21776781	SMPX
chrX	21857254	21858254	MBTPS2
chrX	21873605	21874605	YY2
chrX	21958191	21959191	SMS
chrX	22050059	22051059	PHEX
chrX	22290565	22291565	ZNF645
chrX	23017587	23018587	DDX53
chrX	23351633	23352633	PTCHD1
chrX	23681879	23682879	PRDX4
chrX	23784092	23785092	ACOT9
chrX	23800790	23801790	SAT1
chrX	23925418	23926418	CXorf58
chrX	23925557	23926557	APOO
chrX	24044803	24045803	KLHL15
chrX	24072333	24073333	EIF2S3
chrX	24166790	24167790	ZFX
chrX	24482838	24483838	PDK3
chrX	24690294	24691294	PCYT1B
chrX	24711536	24712536	POLA1
chrX	25033565	25034565	ARX
chrX	26155960	26156960	MAGEB18
chrX	26210057	26211057	MAGEB6
chrX	26233786	26234786	MAGEB5
chrX	27607999	27608999	DCAF8L2
chrX	27825607	27826607	MAGEB10
chrX	27999066	28000066	DCAF8L1
chrX	28605016	28606016	IL1RAPL1
chrX	30233177	30234177	MAGEB2
chrX	30248053	30249053	MAGEB3
chrX	30259557	30260557	MAGEB4
chrX	30261347	30262347	MAGEB1
chrX	30327215	30328215	NR0B1
chrX	30595461	30596461	CXorf21
chrX	30670976	30671976	GK
chrX	30992701	30993701	TAB3
chrX	31089670	31090670	FTHL17
chrX	33357058	33358058	DMD
chrX	34149947	34150947	FAM47A
chrX	34674905	34675905	TMEM47
chrX	34960413	34961413	FAM47B
chrX	35815959	35816959	MAGEB16
chrX	35937351	35938351	CXorf22
chrX	36053408	36054408	CHDC2
chrX	36246235	36247235	CXorf30
chrX	37025932	37026932	FAM47C
chrX	37208028	37209028	PRRG1
chrX	37208083	37209083	TM4SF2
chrX	37430322	37431322	LANCL3
chrX	37544512	37545512	XK
chrX	37638764	37639764	CYBB
chrX	37706390	37707390	DYNLT3
chrX	37849570	37850570	CXorf27
chrX	37865335	37866335	SYTL5
chrX	38080196	38081196	SRPX
chrX	38186317	38187317	RPGR
chrX	38211298	38212298	OTC
chrX	38420123	38421123	TSPAN7
chrX	38660185	38661185	MID1IP1
chrX	40036082	40037082	BCOR
chrX	40439646	40440646	ATP6AP2
chrX	40506319	40507319	CXorf38
chrX	40594610	40595610	MED14
chrX	40944388	40945388	USP9X
chrX	41192151	41193151	DDX3X
chrX	41306187	41307187	NYX
chrX	41547726	41548726	GPR34
chrX	41582908	41583908	GPR82
chrX	41782216	41783216	CASK
chrX	43514967	43515967	MAOA
chrX	43741193	43742193	MAOB
chrX	43832250	43833250	NDP
chrX	44202418	44203418	EFHC2
chrX	44401747	44402747	FUNDC1
chrX	44702749	44703749	DUSP21
chrX	44732257	44733257	KDM6A
chrX	45059646	45060646	CXorf36
chrX	46305792	46306792	KRBOX4
chrX	46404392	46405392	ZNF674
chrX	46432719	46433719	CHST7
chrX	46617990	46618990	SLC9A7
chrX	46695875	46696875	RP2
chrX	46758638	46759638	CXorf31
chrX	46771211	46772211	PHF16
chrX	46937275	46938275	RGN
chrX	47003768	47004768	RBM10
chrX	47004403	47005403	NDUFB11
chrX	47049760	47050760	UBA1
chrX	47076759	47077759	CDK16
chrX	47091589	47092589	USP11
chrX	47229482	47230482	ZNF157
chrX	47341845	47342845	ZNF41
chrX	47342470	47343470	CXorf24
chrX	47420016	47421016	ARAF
chrX	47441212	47442212	TIMP1
chrX	47478752	47479752	SYN1
chrX	47489204	47490204	CFP
chrX	47509503	47510503	ELK1
chrX	47518060	47519060	UXT
chrX	47695801	47696801	ZNF81
chrX	47862877	47863877	ZNF182
chrX	47863234	47864234	SPACA5
chrX	47930525	47931525	ZNF630
chrX	47989539	47990539	SPACA5B
chrX	48055699	48056699	SSX5
chrX	48114252	48115252	SSX1
chrX	48215642	48216642	SSX3
chrX	48242363	48243363	SSX4
chrX	48270844	48271844	SSX4B
chrX	48328144	48329144	SLC38A5
chrX	48334041	48335041	FTSJ1
chrX	48366850	48367850	PORCN
chrX	48379046	48380046	EBP
chrX	48397345	48398345	TBC1D25
chrX	48432337	48433337	RBM3
chrX	48432775	48433775	AC115618.1
chrX	48447930	48448930	WDR13
chrX	48534485	48535485	WAS
chrX	48553445	48554445	SUV39H1
chrX	48619654	48620654	GLOD5
chrX	48644462	48645462	GATA1
chrX	48659284	48660284	HDAC6
chrX	48686783	48687783	ERAS
chrX	48693535	48694535	PCSK1N
chrX	48754695	48755695	PQBP1
chrX	48754926	48755926	TIMM17B
chrX	48768735	48769735	SLC35A2
chrX	48775801	48776801	PIM2
chrX	48815148	48816148	OTUD5
chrX	48827476	48828476	KCND1
chrX	48858175	48859175	GRIPAP1
chrX	48900512	48901512	TFE3
chrX	48910601	48911601	CCDC120
chrX	48931230	48932230	PRAF2
chrX	48937046	48938046	AF196779.12
chrX	48957608	48958608	WDR45
chrX	48979651	48980651	GPKOW
chrX	49018561	49019561	MAGIX
chrX	49027773	49028773	PLP2
chrX	49042345	49043345	PRICKLE3
chrX	49056218	49057218	SYP
chrX	49089333	49090333	CACNA1F
chrX	49091427	49092427	CCDC22
chrX	49120788	49121788	FOXP3
chrX	49125806	49126806	PPP1R3F
chrX	49159648	49160648	GAGE10
chrX	49178036	49179036	GAGE12J
chrX	49187594	49188594	GAGE13
chrX	49197107	49198107	GAGE2E
chrX	49206660	49207660	GAGE2D
chrX	49216159	49217159	GAGE12I
chrX	49225682	49226682	GAGE2C
chrX	49235208	49236208	GAGE2B
chrX	49293972	49294972	GAGE12B
chrX	49296314	49297314	GAGE12C
chrX	49305870	49306870	GAGE12D
chrX	49315436	49316436	GAGE12E
chrX	49324979	49325979	GAGE12F
chrX	49334537	49335537	GAGE12G
chrX	49344086	49345086	GAGE12H
chrX	49353632	49354632	GAGE2A
chrX	49363128	49364128	GAGE1
chrX	49460096	49461096	PAGE1
chrX	49593363	49594363	PAGE4
chrX	49643970	49644970	USP27X
chrX	49686725	49687725	CLCN5
chrX	49965164	49966164	AKAP4
chrX	49966864	49967864	CCNB3
chrX	50556802	50557802	SHROOM4
chrX	50653284	50654284	BMP15
chrX	51074583	51075583	NUDT10
chrX	51149267	51150267	CXorf67
chrX	51238948	51239948	NUDT11
chrX	51485981	51486981	GSPT2
chrX	51545603	51546603	MAGED1
chrX	51796851	51797851	RP11-114H20.1
chrX	51811868	51812868	MAGED4B
chrX	51927419	51928419	MAGED4
chrX	51942463	51943463	RP11-363G10.2
chrX	52111673	52112673	XAGE2B
chrX	52234728	52235728	XAGE1B
chrX	52259863	52260863	XAGE1A
chrX	52386501	52387501	XAGE2
chrX	52511261	52512261	XAGE1C
chrX	52532803	52533803	XAGE1D
chrX	52545697	52546697	XAGE1E
chrX	52683450	52684450	SSX7
chrX	52735739	52736739	SSX2
chrX	52779818	52780818	SSX2B
chrX	52826641	52827641	SPANXN5
chrX	52840728	52841728	XAGE5
chrX	52896599	52897599	XAGE3
chrX	52919836	52920836	FAM156B
chrX	53024151	53025151	FAM156A
chrX	53077773	53078773	GPR173
chrX	53111049	53112049	TSPYL2
chrX	53254104	53255104	KDM5C
chrX	53350022	53351022	IQSEC2
chrX	53449139	53450139	RIBC1
chrX	53449177	53450177	SMC1A
chrX	53460820	53461820	HSD17B10
chrX	53713173	53714173	HUWE1
chrX	54074891	54075891	PHF8
chrX	54209214	54210214	FAM120C
chrX	54384575	54385575	WNK3
chrX	54466334	54467334	TSR2
chrX	54522099	54523099	FGD1
chrX	54556144	54557144	GNL3L
chrX	54824173	54825173	ITIH6
chrX	54833532	54834532	MAGED2
chrX	54946395	54947395	TRO
chrX	55024467	55025467	PFKFB1
chrX	55026290	55027290	APEX2
chrX	55056997	55057997	ALAS2
chrX	55100996	55101996	PAGE2B
chrX	55114941	55115941	PAGE2
chrX	55187243	55188243	FAM104B
chrX	55208444	55209444	MTRNR2L10
chrX	55246288	55247288	PAGE5
chrX	55290779	55291779	PAGE3
chrX	55478038	55479038	MAGEH1
chrX	55515135	55516135	USP51
chrX	55649333	55650333	FOXR2
chrX	55743672	55744672	RRAGB
chrX	56100257	56101257	AL353698.1
chrX	56258354	56259354	KLF8
chrX	56589526	56590526	UBQLN2
chrX	57021470	57022470	SPIN3
chrX	57147480	57148480	SPIN2B
chrX	57163558	57164558	SPIN2A
chrX	57312639	57313639	FAAH2
chrX	57617769	57618769	ZXDB
chrX	57936567	57937567	ZXDA
chrX	62570723	62571723	SPIN4
chrX	63004926	63005926	ARHGEF9
chrX	63425124	63426124	AMER1
chrX	63450011	63451011	ASB12
chrX	63614833	63615833	MTMR8
chrX	64254093	64255093	ZC4H2
chrX	64708115	64709115	ZC3H12B
chrX	64754155	64755155	LAS1L
chrX	64807757	64808757	MSN
chrX	65259467	65260467	VSIG4
chrX	65381891	65382891	HEPH
chrX	65858608	65859608	EDA2R
chrX	66763965	66764965	AR
chrX	67653255	67654255	OPHN1
chrX	67717665	67718665	YIPF6
chrX	67867008	67868008	STARD8
chrX	68048340	68049340	EFNB1
chrX	68385136	68386136	PJA1
chrX	68724584	68725584	FAM155B
chrX	68835411	68836411	EDA
chrX	69269288	69270288	AWAT2
chrX	69281841	69282841	OTUD6A
chrX	69352799	69353799	IGBP1
chrX	69396833	69397833	DGAT2L6
chrX	69454005	69455005	AWAT1
chrX	69479154	69480154	P2RY4
chrX	69487655	69488655	ARR3
chrX	69501443	69502443	RAB41
chrX	69509379	69510379	KIF4A
chrX	69509864	69510864	PDZD11
chrX	69642381	69643381	GDPD2
chrX	69664211	69665211	DLG3
chrX	70128081	70129081	TEX11
chrX	70150475	70151475	SLC7A3
chrX	70287773	70288773	SNX12
chrX	70315547	70316547	FOXO4
chrX	70326138	70327138	CXorf65
chrX	70331458	70332458	IL2RG
chrX	70337906	70338906	MED12
chrX	70364181	70365181	NLGN3
chrX	70434544	70435544	GJB1
chrX	70474496	70475496	ZMYM3
chrX	70502542	70503542	NONO
chrX	70521084	70522084	ITGB1BP2
chrX	70585614	70586614	TAF1
chrX	70752433	70753433	OGT
chrX	70797761	70798761	ACRC
chrX	70837867	70838867	CXCR3
chrX	71130438	71131438	NHSL2
chrX	71351258	71352258	RGAG4
chrX	71400703	71401703	PIN4
chrX	71458397	71459397	ERCC6L
chrX	71496650	71497650	RPS4X
chrX	71526537	71527537	CITED1
chrX	71792453	71793453	HDAC8
chrX	71933667	71934667	PHKA1
chrX	71996333	71997333	DMRTC1B
chrX	72163153	72164153	DMRTC1
chrX	72222852	72223852	PABPC1L2B
chrX	72298851	72299851	PABPC1L2A
chrX	72347419	72348419	NAP1L6
chrX	72434184	72435184	NAP1L2
chrX	72666590	72667590	CDX4
chrX	72782536	72783536	CHIC1
chrX	73523525	73524525	ZCCHC13
chrX	73640585	73641585	SLC16A2
chrX	73833952	73834952	RLIM
chrX	74144782	74145782	KIAA2022
chrX	74376067	74377067	ABCB7
chrX	74493420	74494420	UPRT
chrX	74742837	74743837	ZDHHC15
chrX	75004579	75005579	MAGEE2
chrX	75392271	75393271	PBDC1
chrX	75647546	75648546	MAGEE1
chrX	76709148	76710148	FGF16
chrX	77041202	77042202	ATRX
chrX	77150590	77151590	MAGT1
chrX	77154435	77155435	COX7B
chrX	77165694	77166694	ATP7A
chrX	77224635	77225635	PGAM4
chrX	77320185	77321185	PGK1
chrX	77394703	77395703	TAF9B
chrX	77582548	77583548	CYSLTR1
chrX	77914325	77915325	ZCCHC5
chrX	78002706	78003706	LPAR4
chrX	78200329	78201329	P2RY10
chrX	78425969	78426969	GPR174
chrX	78622664	78623664	ITM2A
chrX	79269755	79270755	TBX22
chrX	79590503	79591503	FAM46D
chrX	80064687	80065687	BRWD3
chrX	80456941	80457941	HMGN5
chrX	80456942	80457942	SH3BGRL
chrX	82762769	82763769	POU3F4
chrX	83115654	83116654	CYLC1
chrX	83442433	83443433	RPS6KA6
chrX	83756987	83757987	HDX
chrX	84258332	84259332	APOOL
chrX	84363554	84364554	SATL1
chrX	84498497	84499497	ZNF711
chrX	84634248	84635248	POF1B
chrX	85302066	85303066	CHM
chrX	85402962	85403962	DACH2
chrX	86772252	86773252	KLHL4
chrX	88001726	88002726	CPXCR1
chrX	89176381	89177381	TGIF2LX
chrX	90689094	90690094	PABPC5
chrX	91033760	91034760	PCDH11X
chrX	92928067	92929067	NAP1L3
chrX	92928512	92929512	FAM133A
chrX	95939162	95940162	DIAPH2
chrX	96138407	96139407	RPA4
chrX	99664771	99665771	PCDH19
chrX	99839299	99840299	TNMD
chrX	99894488	99895488	TSPAN6
chrX	99898715	99899715	SRPX2
chrX	99986610	99987610	SYTL4
chrX	100074884	100075884	CSTF2
chrX	100128834	100129834	NOX1
chrX	100183922	100184922	XKRX
chrX	100224197	100225197	ARL13A
chrX	100306605	100307605	TRMT2B
chrX	100333209	100334209	TMEM35
chrX	100352678	100353678	CENPI
chrX	100474258	100475258	DRP2
chrX	100547559	100548559	TAF7L
chrX	100603684	100604684	TIMM8A
chrX	100640683	100641683	BTK
chrX	100645312	100646312	RPL36A
chrX	100645499	100646499	RPL36A-HNRNPH2
chrX	100662413	100663413	GLA
chrX	100662783	100663783	HNRNPH2
chrX	100672775	100673775	ARMCX4
chrX	100805014	100806014	ARMCX1
chrX	100872491	100873491	ARMCX6
chrX	100877287	100878287	ARMCX3
chrX	100914376	100915376	ARMCX2
chrX	101112049	101113049	NXF5
chrX	101186504	101187504	ZMAT1
chrX	101380160	101381160	TCEAL2
chrX	101397442	101398442	TCEAL6
chrX	101410529	101411529	BEX5
chrX	101469780	101470780	NXF2
chrX	101469780	101470780	TCP11X1
chrX	101726232	101727232	NXF2B
chrX	101726232	101727232	TCP11X2
chrX	101771212	101772212	TMSB15A
chrX	101853596	101854596	ARMCX5
chrX	101905794	101906794	GPRASP1
chrX	101966604	101967604	GPRASP2
chrX	101975116	101976116	BHLHB9
chrX	102191700	102192700	RAB40AL
chrX	102318668	102319668	BEX1
chrX	102347657	102348657	NXF3
chrX	102469520	102470520	BEX4
chrX	102509631	102510631	TCEAL8
chrX	102531300	102532300	TCEAL5
chrX	102565474	102566474	BEX2
chrX	102584624	102585624	TCEAL7
chrX	102610873	102611873	WBP5
chrX	102630768	102631768	NGFRAP1
chrX	102773917	102774917	RAB40A
chrX	102830659	102831659	TCEAL4
chrX	102861879	102862879	TCEAL3
chrX	102883132	102884132	TCEAL1
chrX	102942586	102943586	MORF4L2
chrX	102965337	102966337	TMEM31
chrX	102983083	102984083	GLRA4
chrX	103028147	103029147	PLP1
chrX	103086658	103087658	RAB9B
chrX	103172979	103173979	TMSB15B
chrX	103267759	103268759	H2BFWT
chrX	103267769	103268769	H2BFM
chrX	103356322	103357322	ZCCHC18
chrX	103401208	103402208	SLC25A53
chrX	103410801	103411801	FAM199X
chrX	103499114	103500114	ESX1
chrX	103810496	103811496	IL1RAPL2
chrX	104464858	104465858	TEX13A
chrX	105066036	105067036	NRK
chrX	105282229	105283229	SERPINA7
chrX	105411798	105412798	MUM1L1
chrX	105854660	105855660	CXorf57
chrX	105936524	105937524	RNF128
chrX	106045410	106046410	TBC1D8B
chrX	106142894	106143894	CLDN2
chrX	106146065	106147065	RIPPLY1
chrX	106242974	106243974	MORC4
chrX	106361557	106362557	RBM41
chrX	106449170	106450170	NUP62CL
chrX	106449362	106450362	PIH1D3
chrX	106765180	106766180	FRMPD3
chrX	106871237	106872237	PRPS1
chrX	107020072	107021072	TSC22D3
chrX	107020463	107021463	NCBP2L
chrX	107068485	107069485	MID2
chrX	107225100	107226100	TEX13B
chrX	107287700	107288700	VSIG1
chrX	107334348	107335348	PSMD10
chrX	107334398	107335398	ATG4A
chrX	107682227	107683227	COL4A6
chrX	107682574	107683574	COL4A5
chrX	107975417	107976417	RP6-24A23.6
chrX	107979151	107980151	IRS4
chrX	108724801	108725801	GUCY2F
chrX	108778510	108779510	NXT2
chrX	108867893	108868893	KCNE1L
chrX	108976132	108977132	ACSL4
chrX	109245359	109246359	TMEM164
chrX	109589701	109590701	GNG5P2
chrX	109601544	109602544	RGAG1
chrX	109682961	109683961	AMMECR1
chrX	110038786	110039786	CHRDL1
chrX	110187013	110188013	PAK3
chrX	110513251	110514251	CAPN6
chrX	110655103	110656103	DCX
chrX	110908543	110909543	ALG13
chrX	111325504	111326504	TRPC5
chrX	111697227	111698227	ZCCHC16
chrX	111922875	111923875	LHFPL1
chrX	112083543	112084543	AMOT
chrX	113818051	113819051	HTR2C
chrX	114254040	114255040	IL13RA2
chrX	114423463	114424463	RBMXL3
chrX	114468135	114469135	LRCH2
chrX	114523793	114524793	LUZP4
chrX	114795001	114796001	PLS3
chrX	114953169	114954169	RP1-241P17.4
chrX	115301475	115302475	AGTR2
chrX	115567290	115568290	SLC6A14
chrX	115593664	115594664	CXorf61
chrX	117250803	117251803	KLHL13
chrX	117479536	117480536	WDR44
chrX	117629361	117630361	DOCK11
chrX	117861035	117862035	IL13RA1
chrX	117957253	117958253	ZCCHC12
chrX	118108081	118109081	LONRF3
chrX	118284042	118285042	KIAA1210
chrX	118369716	118370716	PGRMC1
chrX	118532523	118533523	SLC25A43
chrX	118601863	118602863	SLC25A5
chrX	118698897	118699897	CXorf56
chrX	118708001	118709001	UBE2A
chrX	118739358	118740358	NKRF
chrX	118826833	118827833	SEPT6
chrX	118892076	118893076	SOWAHD
chrX	118925106	118926106	RPL39
chrX	118986461	118987461	UPF3B
chrX	119004950	119005950	NDUFA1
chrX	119005291	119006291	RNF113A
chrX	119029300	119030300	AKAP14
chrX	119077235	119078235	NKAP
chrX	119211207	119212207	RHOXF2B
chrX	119249347	119250347	RHOXF1
chrX	119291967	119292967	RHOXF2
chrX	119384107	119385107	ZBTB33
chrX	119444911	119445911	TMEM255A
chrX	119495467	119496467	ATP1B4
chrX	119602720	119603720	LAMP2
chrX	119709149	119710149	CUL4B
chrX	119727365	119728365	MCTS1
chrX	119763505	119764505	C1GALT1C1
chrX	120009279	120010279	CT47B1
chrX	120065651	120066651	CT47A12
chrX	120070512	120071512	CT47A11
chrX	120075373	120076373	CT47A10
chrX	120080233	120081233	CT47A9
chrX	120085094	120086094	CT47A8
chrX	120089954	120090954	CT47A7
chrX	120094837	120095837	CT47A6
chrX	120099698	120100698	CT47A5
chrX	120104558	120105558	CT47A4
chrX	120109418	120110418	CT47A3
chrX	120114278	120115278	CT47A2
chrX	120119142	120120142	CT47A1
chrX	120180962	120181962	GLUD2
chrX	122317506	122318506	GRIA3
chrX	122866406	122867406	THOC2
chrX	122993074	122994074	XIAP
chrX	123093562	123094562	STAG2
chrX	123479694	123480694	SH2D1A
chrX	124097166	124098166	TENM1
chrX	125299580	125300580	DCAF12L2
chrX	125686334	125687334	DCAF12L1
chrX	125953247	125954247	CXorf64
chrX	127185882	127186882	ACTRT1
chrX	128656977	128657977	SMARCA1
chrX	128673326	128674326	OCRL
chrX	128788433	128789433	APLN
chrX	128872450	128873450	XPNPEP2
chrX	128913455	128914455	SASH3
chrX	128977385	128978385	ZDHHC9
chrX	129039597	129040597	UTP14A
chrX	129114583	129115583	BCORL1
chrX	129244191	129245191	ELF4
chrX	129299361	129300361	AIFM1
chrX	129305123	129306123	RAB33A
chrX	129402373	129403373	ZNF280C
chrX	129473374	129474374	SLC25A14
chrX	129519011	129520011	GPR119
chrX	129535443	129536443	RBMX2
chrX	130036708	130037708	ENOX2
chrX	130191716	130192716	ARHGAP36
chrX	130533177	130534177	IGSF1
chrX	130677450	130678450	OR13H1
chrX	131156793	131157793	MST4
chrX	131261548	131262548	FRMD7
chrX	131352971	131353971	RAP2C
chrX	131623496	131624496	MBNL3
chrX	132094923	132095923	HS6ST2
chrX	132230637	132231637	USP26
chrX	132351876	132352876	TFDP3
chrX	132549018	132550018	GPC4
chrX	133119422	133120422	GPC3
chrX	133370577	133371577	CCDC160
chrX	133506783	133507783	PHF6
chrX	133593683	133594683	HPRT1
chrX	133897852	133898852	PLAC1
chrX	133930319	133931319	FAM122C
chrX	133930762	133931762	FAM122B
chrX	134048797	134049797	MOSPD1
chrX	134124468	134125468	SMIM10
chrX	134156059	134157059	FAM127C
chrX	134165833	134166833	FAM127A
chrX	134185726	134186726	FAM127B
chrX	134304822	134305822	CXorf48
chrX	134477512	134478512	ZNF75D
chrX	134478221	134479221	ZNF449
chrX	134654084	134655084	DDX26B
chrX	134846685	134847685	CT45A1
chrX	134865714	134866714	CT45A2
chrX	134882988	134883988	CT45A3
chrX	134953494	134954494	CT45A4
chrX	134953494	134954494	CT45A5
chrX	134970744	134971744	CT45A6
chrX	134970874	134971874	SAGE1
chrX	135055722	135056722	MMGT1
chrX	135067098	135068098	SLC9A6
chrX	135229059	135230059	FHL1
chrX	135338141	135339141	MAP7D3
chrX	135382622	135383622	GPR112
chrX	135569546	135570546	BRS3
chrX	135578738	135579738	HTATSF1
chrX	135613811	135614811	VGLL1
chrX	135729852	135730852	CD40LG
chrX	135863747	135864747	ARHGEF6
chrX	135962423	135963423	RBMX
chrX	136113333	136114333	GPR101
chrX	136647801	136648801	ZIC3
chrX	138304439	138305439	FGF13
chrX	138612417	138613417	F9
chrX	138789886	138790886	MCF2
chrX	139026935	139027935	ATP11C
chrX	139047179	139048179	CXorf66
chrX	139586725	139587725	SOX3
chrX	139791432	139792432	LINC00632
chrX	139866223	139867223	CDR1
chrX	140084256	140085256	SPANXB2
chrX	140096261	140097261	SPANXB1
chrX	140270810	140271810	LDOC1
chrX	140336129	140337129	SPANXC
chrX	140672633	140673633	SPANXA1
chrX	140677062	140678062	SPANXA2
chrX	140786396	140787396	SPANXD
chrX	140925602	140926602	MAGEC3
chrX	140991180	140992180	MAGEC1
chrX	141292576	141293576	MAGEC2
chrX	142113204	142114204	SPANXN4
chrX	142604803	142605803	SPANXN3
chrX	142723096	142724096	SLITRK4
chrX	142804016	142805016	SPANXN2
chrX	142966673	142967673	UBE2NL
chrX	144327848	144328848	SPANXN1
chrX	144898850	144899850	SLITRK2
chrX	144908428	144909428	TMEM257
chrX	146992969	146993969	FMR1
chrX	147062349	147063349	FMR1NB
chrX	147581639	147582639	AFF2
chrX	148614970	148615970	IDS
chrX	148614970	148615970	IDS
chrX	148621400	148622400	CXorf40A
chrX	148668616	148669616	MAGEA9B
chrX	148676474	148677474	HSFX2
chrX	148713068	148714068	TMEM185A
chrX	148769394	148770394	MAGEA11
chrX	148855226	148856226	HSFX1
chrX	148863084	148864084	MAGEA9
chrX	149009441	149010441	MAGEA8
chrX	149106529	149107529	CXorf40B
chrX	149529189	149530189	MAMLD1
chrX	149736569	149737569	MTM1
chrX	149860935	149861935	MTMR1
chrX	150066789	150067789	CD99L2
chrX	150148482	150149482	HMGB3
chrX	150344625	150345625	GPR50
chrX	150564487	150565487	VMA21
chrX	150731594	150732594	PASD1
chrX	150863096	150864096	PRRG3
chrX	150884007	150885007	FATE1
chrX	150906423	150907423	CNGA2
chrX	151080481	151081481	MAGEA4
chrX	151142652	151143652	GABRE
chrX	151306533	151307533	MAGEA10
chrX	151619330	151620330	GABRA3
chrX	151806137	151807137	GABRQ
chrX	151866714	151867714	MAGEA6
chrX	151882582	151883582	MAGEA2B
chrX	151902684	151903684	MAGEA12
chrX	151902728	151903728	CSAG1
chrX	151921864	151922864	MAGEA2
chrX	151937740	151938740	MAGEA3
chrX	151998821	151999821	CETN2
chrX	151999011	152000011	NSDHL
chrX	152082486	152083486	ZNF185
chrX	152162171	152163171	PNMA5
chrX	152224266	152225266	PNMA3
chrX	152240319	152241319	PNMA6C
chrX	152240339	152241339	PNMA6A
chrX	152245478	152246478	PNMA6D
chrX	152342894	152343894	PNMA6B
chrX	152485615	152486615	MAGEA1
chrX	152599113	152600113	ZNF275
chrX	152683280	152684280	ZFP92
chrX	152735545	152736545	TREX2
chrX	152750814	152751814	U82695.9
chrX	152759897	152760897	BGN
chrX	152760478	152761478	HAUS7
chrX	152782634	152783634	ATP2B3
chrX	152865000	152866000	FAM58A
chrX	152907446	152908446	DUSP9
chrX	152953054	152954054	SLC6A8
chrX	152953965	152954965	PNCK
chrX	152989652	152990652	BCAP31
chrX	152989823	152990823	ABCD1
chrX	153029151	153030151	PLXNB3
chrX	153041367	153042367	SRPK3
chrX	153058471	153059471	SSR4
chrX	153059478	153060478	IDH3G
chrX	153095520	153096520	PDZD4
chrX	153145627	153146627	LCA10
chrX	153167485	153168485	AVPR2
chrX	153174177	153175177	L1CAM
chrX	153199952	153200952	ARHGAP4
chrX	153200176	153201176	NAA10
chrX	153209732	153210732	RENBP
chrX	153236758	153237758	HCFC1
chrX	153237278	153238278	TMEM187
chrX	153284931	153285931	IRAK1
chrX	153362712	153363712	MECP2
chrX	153409198	153410198	OPN1LW
chrX	153445134	153446134	TEX28P2
chrX	153447607	153448607	OPN1MW
chrX	153482255	153483255	TEX28P1
chrX	153484725	153485725	OPN1MW2
chrX	153523296	153524296	TEX28
chrX	153523524	153524524	TKTL1
chrX	153602506	153603506	FLNA
chrX	153607057	153608057	EMD
chrX	153617815	153618815	RPL10
chrX	153639354	153640354	TAZ
chrX	153639949	153640949	DNASE1L1
chrX	153656478	153657478	ATP6AP1
chrX	153664766	153665766	GDI1
chrX	153671973	153672973	FAM50A
chrX	153686121	153687121	PLXNA3
chrX	153707096	153708096	LAGE3
chrX	153714509	153715509	UBL4A
chrX	153718516	153719516	SLC10A3
chrX	153744066	153745066	FAM3A
chrX	153768914	153769914	IKBKG
chrX	153775287	153776287	G6PD
chrX	153812907	153813907	CTAG1A
chrX	153847033	153848033	CTAG1B
chrX	153881353	153882353	CTAG2
chrX	153979358	153980358	GAB3
chrX	153990531	153991531	DKC1
chrX	154048782	154049782	MPP1
chrX	154062437	154063437	SMIM9
chrX	154112817	154113817	H2AFB1
chrX	154114135	154115135	F8A1
chrX	154253755	154254755	FUNDC2
chrX	154254715	154255715	F8
chrX	154299137	154300137	CMC4
chrX	154299195	154300195	BRCC3
chrX	154375712	154376712	MTCP1
chrX	154424784	154425784	VBP1
chrX	154493374	154494374	RAB39B
chrX	154563466	154564466	CLIC2
chrX	154609928	154610928	H2AFB2
chrX	154611249	154612249	F8A2
chrX	154687776	154688776	F8A3
chrX	154689096	154690096	H2AFB3
chrX	154899105	154900105	TMLHE
chrX	154996974	154997974	SPRY3
chrX	155110456	155111456	VAMP7
chrX	155226746	155227746	IL9R
